{
  "Bahorok" : [3.4956532, 98.1839191],
  "Besitang": [4.0855683, 98.122261],
  "Bukit Lawang": [3.5437451, 98.1284036],
  "Gebang": [3.9622036, 98.3633373],
  "Kuala": [3.51961, 98.3638527],
  "Marike": [3.4130343, 98.2358646],
  "Namu Ukur": [3.4829454, 98.4585987],
  "Pangkalan Susu": [4.1128158, 98.2173085],
  "Pamatang Jaya": [4.2513313, 98.1568663],
  "Sambirejo": [3.6644688, 98.4528852],
  "Scanggang": [3.8632063, 98.5429164],
  "Selesai": [3.6061797, 98.4250453],
  "Stabat": [3.7541409, 98.448363],
  "Stabat Lama": [3.7739137, 98.4039892],
  "Tanjung Langkat": [3.481841, 98.3000271],
  "Tanjung Selamat": [3.8366619, 98.3299544]
}